{
  "en": {
  
      "class": "Class",
  "level": "Level",
  "chooseYourClass": "Choose Your Class",
  "yourActivity": "Your Activity",
  "foundation": "Foundation",
  "explorer": "Explorer",
  "achiever": "Achiever",
  "expert": "Expert",
  "discoverer": "Discoverer",
  "champion": "Champion",
  "master": "Master",
"days": "Days",
"continueLearning": "Continue Learning",
  "startLearning": "Start Learning",

    "videosWatched": "Videos Watched",
    "topicsCompleted": "Topics Completed",
    "studyTime": "Study Time",
    "currentRank": "Current Rank",
    "recentActivity": "📈 Recent Activity",
    "chooseClass": "Choose Your Class",
    "leaderboard": "🏆 Global Leaderboard",
    "refreshLeaderboard": "🔄 Refresh Leaderboard",
    "backToDashboard": "Back to Dashboard",
    "backToSubjects": "Back to Subjects",
    "syllabus": "📚 Syllabus",
    "suggestedPuzzles": "🧩 Suggested Puzzles",
    "startPuzzle": "Start Random Puzzle",
    "takeNotes": "📝 Take Notes",
    "markComplete": "✓ Mark Complete",
    "progress": "Progress",
    "dailyGoal": "Daily Goal",
    "consistency": "Consistency",
    "achievement": "Achievement",
    "viewProfile": "👤 View Profile",
    "myProgress": "📊 My Progress",
    "resetProgress": "Reset Progress"
  },
  "hi": {
   "class": "कक्षा",
"level": "स्तर",
  "chooseYourClass": "अपनी कक्षा चुनें",
  "yourActivity": "आपकी गतिविधि",
  "foundation": "फाउंडेशन",
  "explorer": "एक्सप्लोरर",
  "achiever": "अचीवर",
  "expert": "एक्सपर्ट",
  "discoverer": "डिस्कवरर",
  "champion": "चैंपियन",
  "master": "मास्टर",
"days": "दिन",
"continueLearning": "सीखना जारी रखें",
  "startLearning": "सीखना शुरू करें",
    "videosWatched": "देखे गए वीडियो",
    "topicsCompleted": "पूर्ण किए गए विषय",
    "studyTime": "अध्ययन समय",
    "currentRank": "वर्तमान रैंक",
    "recentActivity": "📈 हाल की गतिविधि",
    "chooseClass": "अपनी कक्षा चुनें",
    "leaderboard": "🏆 वैश्विक लीडरबोर्ड",
    "refreshLeaderboard": "🔄 लीडरबोर्ड रीफ़्रेश करें",
    "backToDashboard": "डैशबोर्ड पर वापस जाएं",
    "backToSubjects": "विषयों पर वापस जाएं",
    "syllabus": "📚 पाठ्यक्रम",
    "suggestedPuzzles": "🧩 सुझाई गई पहेलियाँ",
    "startPuzzle": "यादृच्छिक पहेली शुरू करें",
    "takeNotes": "📝 नोट्स लें",
    "markComplete": "✓ पूर्ण करें",
    "progress": "प्रगति",
    "dailyGoal": "दैनिक लक्ष्य",
    "consistency": "निरंतरता",
    "achievement": "उपलब्धि",
    "viewProfile": "👤 प्रोफ़ाइल देखें",
    "myProgress": "📊 मेरी प्रगति",
    "resetProgress": "प्रगति रीसेट करें"
  },
  "od": {
     "class": "ଶ୍ରେଣୀ",
"level": "ସ୍ତର",
  "chooseYourClass": "ଆପଣଙ୍କ ଶ୍ରେଣୀ ବାଛନ୍ତୁ",
  "yourActivity": "ଆପଣଙ୍କ କାର୍ଯ୍ୟ",
  "foundation": "ଫାଉଣ୍ଡେସନ୍",   
  "explorer": "ଏକ୍ସପ୍ଲୋରର୍",
  "achiever": "ଅଚିଭର୍", 
  "expert": "ଏକ୍ସପର୍ଟ୍",
  "discoverer": "ଡିସ୍କଭରର୍", 
  "champion": "ଚ୍ୟାମ୍ପିଅନ୍",
  "master": "ମାଷ୍ଟର୍",
"days": "ଦିନ",
"continueLearning": "ଅଧ୍ୟୟନ ଜାରି ରଖନ୍ତୁ",
  "startLearning": "ଅଧ୍ୟୟନ ଆରମ୍ଭ କରନ୍ତୁ",
    "videosWatched": "ଦେଖାଗଲାଥିବା ଭିଡିଓ",
    "topicsCompleted": "ସମାପ୍ତ ବିଷୟ",
    "studyTime": "ପାଠ ପଢିବା ସମୟ",
    "currentRank": "ବର୍ତ୍ତମାନ ଅସ୍ଥାନ",
    "recentActivity": "📈 ସମ୍ପ୍ରତି କାର୍ଯ୍ୟ",
    "chooseClass": "ଆପଣଙ୍କ ଶ୍ରେଣୀ ବାଛନ୍ତୁ",
    "leaderboard": "🏆 ବିଶ୍ୱ ଲିଡରବୋର୍ଡ",
    "refreshLeaderboard": "🔄 ଲିଡରବୋର୍ଡ ପୁନଃତଜା କରନ୍ତୁ",
    "backToDashboard": "ଡ୍ୟାଶବୋର୍ଡକୁ ଫେରନ୍ତୁ",
    "backToSubjects": "ବିଷୟକୁ ଫେରନ୍ତୁ",
    "syllabus": "📚 ପାଠ୍ୟକ୍ରମ",
    "suggestedPuzzles": "🧩 ପ୍ରସ୍ତାବିତ ପଜଲ୍",
    "startPuzzle": "ରାଣ୍ଡମ୍ ପଜଲ୍ ଆରମ୍ଭ କରନ୍ତୁ",
    "takeNotes": "📝 ଟିପ୍ସ ନିଅନ୍ତୁ",
    "markComplete": "✓ ସମାପ୍ତ କରନ୍ତୁ",
    "progress": "ପ୍ରଗତି",
    "dailyGoal": "ଦୈନିକ ଲକ୍ଷ୍ୟ",
    "consistency": "ନିୟମିତତା",
    "achievement": "ସଫଳତା",
    "viewProfile": "👤 ପ୍ରୋଫାଇଲ୍ ଦେଖନ୍ତୁ",
    "myProgress": "📊 ମୋର ପ୍ରଗତି",
    "resetProgress": "ପ୍ରଗତି ପୁନ reset କରନ୍ତୁ"
  }
}
